-- phpMyAdmin SQL Dump
-- version 5.0.2
-- https://www.phpmyadmin.net/
--
-- Host: 127.0.0.1
-- Generation Time: Feb 21, 2022 at 05:50 PM
-- Server version: 10.4.14-MariaDB
-- PHP Version: 7.4.10

SET SQL_MODE = "NO_AUTO_VALUE_ON_ZERO";
START TRANSACTION;
SET time_zone = "+00:00";


/*!40101 SET @OLD_CHARACTER_SET_CLIENT=@@CHARACTER_SET_CLIENT */;
/*!40101 SET @OLD_CHARACTER_SET_RESULTS=@@CHARACTER_SET_RESULTS */;
/*!40101 SET @OLD_COLLATION_CONNECTION=@@COLLATION_CONNECTION */;
/*!40101 SET NAMES utf8mb4 */;

--
-- Database: `groceryes`
--

-- --------------------------------------------------------

--
-- Table structure for table `admin`
--

CREATE TABLE `admin` (
  `admin_name` text COLLATE utf8_unicode_ci DEFAULT NULL,
  `admin_id` varchar(50) COLLATE utf8_unicode_ci DEFAULT NULL,
  `admin_pass` varchar(50) COLLATE utf8_unicode_ci DEFAULT NULL
) ENGINE=MyISAM DEFAULT CHARSET=utf8 COLLATE=utf8_unicode_ci;

--
-- Dumping data for table `admin`
--

INSERT INTO `admin` (`admin_name`, `admin_id`, `admin_pass`) VALUES
('Varun', 'Varun2020', 'Varungroceryes2020');

-- --------------------------------------------------------

--
-- Table structure for table `bestoffers_products`
--

CREATE TABLE `bestoffers_products` (
  `id` int(11) NOT NULL,
  `product_id` int(11) NOT NULL
) ENGINE=InnoDB DEFAULT CHARSET=utf8mb4;

--
-- Dumping data for table `bestoffers_products`
--

INSERT INTO `bestoffers_products` (`id`, `product_id`) VALUES
(1, 23),
(2, 34),
(3, 12),
(4, 45),
(5, 56),
(6, 67),
(7, 78),
(8, 89),
(9, 90),
(10, 222);

-- --------------------------------------------------------

--
-- Table structure for table `bestseller_products`
--

CREATE TABLE `bestseller_products` (
  `id` int(11) NOT NULL,
  `product_id` int(11) NOT NULL
) ENGINE=InnoDB DEFAULT CHARSET=utf8mb4;

--
-- Dumping data for table `bestseller_products`
--

INSERT INTO `bestseller_products` (`id`, `product_id`) VALUES
(1, 11),
(2, 22),
(3, 33),
(4, 44),
(5, 55),
(6, 66),
(7, 77);

-- --------------------------------------------------------

--
-- Table structure for table `cart`
--

CREATE TABLE `cart` (
  `cart_id` bigint(20) NOT NULL,
  `user_id` varchar(100) NOT NULL,
  `product_id` bigint(20) NOT NULL,
  `quantity` int(11) NOT NULL,
  `sp` int(11) NOT NULL,
  `mrp` int(11) NOT NULL
) ENGINE=InnoDB DEFAULT CHARSET=utf8mb4;

--
-- Dumping data for table `cart`
--

INSERT INTO `cart` (`cart_id`, `user_id`, `product_id`, `quantity`, `sp`, `mrp`) VALUES
(272, '111293389075808848824', 81, 1, 99, 130),
(273, '111293389075808848824', 97, 1, 230, 450),
(274, '111293389075808848824', 83, 1, 120, 140),
(275, '111293389075808848824', 1, 1, 82, 88),
(276, '111293389075808848824', 4, 1, 120, 125),
(307, '103692338248328632627', 81, 2, 198, 260),
(308, '110046009257828775948', 1, 1, 82, 88),
(309, '118055337857793581715', 103, 1, 250, 250),
(310, '118055337857793581715', 104, 1, 80, 80),
(311, '118055337857793581715', 101, 1, 300, 431),
(312, '116567066042227685114', 180, 1, 43, 45),
(314, '116567066042227685114', 173, 1, 40, 42),
(316, '116567066042227685114', 178, 1, 40, 42),
(329, '109933281347623986042', 299, 1, 32, 32),
(330, '109933281347623986042', 64, 1, 60, 65),
(331, '109933281347623986042', 70, 2, 90, 100),
(333, '115171216237574353482', 83, 1, 120, 140),
(334, '115171216237574353482', 81, 1, 99, 130),
(336, '116571346827466929391', 1, 1, 82, 88),
(342, '110280513579087472886', 291, 1, 97, 99),
(343, '110280513579087472886', 245, 1, 56, 56),
(344, '110280513579087472886', 143, 1, 30, 30),
(345, '110280513579087472886', 153, 1, 20, 20),
(346, '110280513579087472886', 62, 1, 40, 45),
(347, '110280513579087472886', 80, 1, 36, 40),
(348, '110280513579087472886', 86, 1, 36, 38),
(349, '110280513579087472886', 27, 1, 60, 64),
(359, '117600861193506914161', 174, 1, 46, 48),
(360, '117600861193506914161', 174, 1, 46, 48),
(361, '117600861193506914161', 175, 1, 42, 44),
(362, '112464778862799805269', 87, 1, 38, 38),
(363, '112464778862799805269', 90, 3, 240, 240),
(364, '112464778862799805269', 92, 3, 60, 60),
(367, '112464778862799805269', 94, 2, 140, 140),
(368, '112464778862799805269', 87, 1, 38, 38),
(369, '112464778862799805269', 59, 2, 106, 130),
(370, '112464778862799805269', 66, 1, 55, 60),
(371, '112464778862799805269', 61, 1, 50, 55),
(372, '112464778862799805269', 245, 1, 56, 56),
(373, '112464778862799805269', 258, 1, 40, 40),
(398, '109926221904076480926', 1, 2, 164, 176),
(408, '113099858669541031305', 113, 1, 130, 150),
(409, '113099858669541031305', 139, 1, 22, 24),
(410, '113099858669541031305', 137, 1, 23, 25),
(411, '113099858669541031305', 135, 1, 33, 35),
(412, '113099858669541031305', 132, 1, 17, 19),
(413, '113099858669541031305', 131, 1, 25, 27),
(414, '113099858669541031305', 128, 1, 21, 23),
(415, '113099858669541031305', 124, 1, 15, 20),
(416, '113099858669541031305', 256, 1, 30, 30),
(417, '113099858669541031305', 215, 1, 63, 65),
(419, '113099858669541031305', 237, 1, 54, 56),
(420, '113099858669541031305', 154, 1, 20, 20),
(427, '101647763243462875011', 172, 1, 71, 75),
(429, '102418816002482093684', 78, 1, 160, 175),
(483, '101001783147555607777', 59, 2, 106, 130),
(484, '101001783147555607777', 61, 2, 100, 110),
(485, '101001783147555607777', 63, 1, 53, 60),
(486, '101001783147555607777', 64, 1, 53, 65),
(487, '101001783147555607777', 66, 1, 54, 60),
(488, '101001783147555607777', 68, 1, 55, 60),
(489, '101001783147555607777', 73, 1, 60, 65),
(490, '101001783147555607777', 80, 2, 86, 100),
(491, '101001783147555607777', 81, 1, 105, 130),
(492, '101001783147555607777', 81, 1, 105, 130),
(493, '101001783147555607777', 81, 1, 105, 130),
(494, '101001783147555607777', 81, 1, 105, 130),
(495, '101001783147555607777', 82, 1, 118, 160),
(496, '101001783147555607777', 84, 1, 19, 20),
(497, '101001783147555607777', 85, 1, 180, 190),
(576, '101943654117495834880', 77, 1, 298, 340),
(577, '101943654117495834880', 111, 1, 28, 30),
(578, '101943654117495834880', 109, 2, 50, 60),
(579, '101943654117495834880', 110, 2, 28, 30),
(580, '101943654117495834880', 121, 1, 18, 18),
(581, '101943654117495834880', 124, 1, 15, 20),
(582, '101943654117495834880', 125, 1, 40, 46),
(583, '114780225531456910874', 77, 1, 298, 340),
(611, '106451461386562137336', 101, 1, 250, 431),
(612, '106451461386562137336', 306, 1, 10, 15),
(613, '106451461386562137336', 306, 1, 10, 15),
(632, '110116667909606954503', 59, 2, 110, 130),
(633, '110116667909606954503', 84, 2, 38, 40),
(635, '110116667909606954503', 85, 1, 180, 190),
(636, '110116667909606954503', 86, 1, 111, 114),
(638, '110116667909606954503', 105, 1, 18, 20),
(640, '110116667909606954503', 109, 2, 50, 60),
(641, '110116667909606954503', 116, 2, 54, 60),
(642, '110116667909606954503', 59, 2, 110, 130),
(643, '110116667909606954503', 63, 2, 104, 120),
(644, '110116667909606954503', 64, 2, 108, 130),
(645, '110116667909606954503', 83, 3, 390, 420),
(646, '110116667909606954503', 97, 2, 400, 800),
(647, '110116667909606954503', 95, 2, 150, 160),
(648, '110116667909606954503', 104, 2, 160, 160),
(649, '110116667909606954503', 80, 2, 86, 100),
(650, '110116667909606954503', 61, 1, 50, 55),
(651, '110116667909606954503', 124, 1, 15, 20),
(652, '110116667909606954503', 274, 1, 91, 93),
(708, '108959434567380217030', 319, 2, 20, 30),
(709, '108959434567380217030', 320, 5, 120, 180),
(716, '114677193703027796540', 374, 1, 165, 185),
(717, '114677193703027796540', 374, 2, 330, 370),
(718, '114677193703027796540', 374, 1, 165, 185),
(719, '114677193703027796540', 380, 1, 190, 199),
(720, '114677193703027796540', 2, 1, 85, 90),
(721, '114677193703027796540', 97, 1, 200, 400),
(725, '108106468250518935520', 27, 4, 248, 264),
(726, '105090043573977988143', 27, 3, 186, 198);

-- --------------------------------------------------------

--
-- Table structure for table `category`
--

CREATE TABLE `category` (
  `category_name` text NOT NULL,
  `category_id` int(11) NOT NULL
) ENGINE=InnoDB DEFAULT CHARSET=utf8mb4;

--
-- Dumping data for table `category`
--

INSERT INTO `category` (`category_name`, `category_id`) VALUES
('Personal Care ', 1),
('Daal Atta Rice & Oils', 2),
('Dry Fruits & Nuts', 3),
('Spices', 4),
('Snacks', 5),
('Noodles Sauces & Instant Food', 6),
('Chocolates & Candy', 7),
('Beverages', 8),
('Household Items', 9),
('Breakfasts & Dairy Products', 10),
('Baby Cares', 11),
('Covid Essential', 12),
('Patanjali', 13);

-- --------------------------------------------------------

--
-- Table structure for table `custom_products`
--

CREATE TABLE `custom_products` (
  `id` int(11) NOT NULL,
  `product_id` int(11) NOT NULL
) ENGINE=InnoDB DEFAULT CHARSET=utf8mb4;

--
-- Dumping data for table `custom_products`
--

INSERT INTO `custom_products` (`id`, `product_id`) VALUES
(1, 123),
(2, 234),
(3, 345);

-- --------------------------------------------------------

--
-- Table structure for table `featured_products`
--

CREATE TABLE `featured_products` (
  `id` int(11) NOT NULL,
  `product_id` int(11) NOT NULL
) ENGINE=InnoDB DEFAULT CHARSET=utf8mb4;

--
-- Dumping data for table `featured_products`
--

INSERT INTO `featured_products` (`id`, `product_id`) VALUES
(1, 12),
(2, 1),
(3, 121),
(4, 38),
(5, 49),
(6, 238),
(7, 300),
(8, 159),
(9, 357),
(10, 123),
(11, 345),
(12, 234);

-- --------------------------------------------------------

--
-- Table structure for table `orders`
--

CREATE TABLE `orders` (
  `order_id` int(11) NOT NULL,
  `user_id` varchar(100) NOT NULL,
  `items` int(11) NOT NULL,
  `total_sp` int(11) NOT NULL,
  `total_mrp` int(11) NOT NULL,
  `status` int(11) DEFAULT 0,
  `delivery_number` bigint(20) NOT NULL,
  `delivery_address` varchar(100) NOT NULL
) ENGINE=InnoDB DEFAULT CHARSET=utf8mb4;

--
-- Dumping data for table `orders`
--

INSERT INTO `orders` (`order_id`, `user_id`, `items`, `total_sp`, `total_mrp`, `status`, `delivery_number`, `delivery_address`) VALUES
(88, '113340323248403126282', 7, 551, 601, 3, 8979105519, 'Shanti vihar bareilly'),
(91, '112500160562818650778', 24, 2114, 2447, 3, 9557291555, '263 kalibari'),
(92, '112500160562818650778', 1, 455, 500, 3, 9557291555, '263 kalibari'),
(93, '105769015251740869391', 5, 463, 505, 3, 8279787881, 'Ho no 5, gali no 1 brush bhan puram colony shanti vihar Badaun road bareilly'),
(96, '104659228019885569417', 8, 911, 974, 3, 9690229874, 'H.5 GALI NO.1 BRISHBHAN PURAM COLONY SHANTI VIHAR BADAUN ROAD BAREILLY '),
(97, '114367872235120376988', 14, 1646, 2121, 3, 7302646422, '117/a veer savarkar nagar bareilly'),
(98, '112500160562818650778', 4, 1295, 1380, 3, 9557291555, '263 kalibari'),
(99, '112500160562818650778', 2, 45, 50, 3, 9557291555, '263 kalibari'),
(100, '103169861837496443372', 6, 453, 472, 3, 6395876226, 'Awadh puri subhash nagar'),
(101, '110621471478070517249', 5, 367, 394, 3, 8218578239, 'B-13 RAJENDRA Nagar, Bareilly'),
(102, '105769015251740869391', 15, 1186, 1226, 4, 8279787881, 'Ho no 5, gali no 1 brush bhan puram colony shanti vihar Badaun road bareilly'),
(103, '105769015251740869391', 18, 1226, 1259, 3, 8279787881, 'Ho no 5, gali no 1 brush bhan puram colony shanti vihar Badaun road bareilly'),
(104, '113509395286677963185', 28, 1477, 1655, 3, 9758544934, '197 Tewari Market Gali Nawaban near Kala Niketan opp. Grey Transformer, Bareilly.'),
(105, '112500160562818650778', 3, 795, 886, 3, 9557291555, '263 kalibari'),
(106, '108987474499526156532', 3, 462, 520, 3, 6395137252, 'cant. bareilly'),
(107, '113340323248403126282', 3, 428, 472, 3, 8979105519, 'Shanti vihar bareilly'),
(108, '106219438031608197069', 5, 341, 395, 3, 8979098811, '1543, Avadh Puri '),
(109, '112500160562818650778', 5, 982, 1245, 3, 9557291555, '263 kalibari'),
(110, '112808514087423468622', 10, 817, 925, 3, 8584974737, '532 Siklapur Near Bareilly college main gate bly.'),
(111, '105090043573977988143', 1, 200, 225, 4, 7000301637, 'Indore'),
(112, '105823023873952721792', 23, 1619, 1858, 4, 8909358684, 'subhash nagar'),
(113, '116240428577021656846', 2, 260, 464, 0, 0, 'test'),
(114, '112500160562818650778', 7, 963, 1079, 3, 9557291555, '263 kalibari'),
(115, '112808514087423468622', 8, 435, 495, 3, 8584974737, '532 Siklapur Near Bareilly college main gate bly.'),
(116, '105090043573977988143', 2, 75, 108, 0, 7000301637, 'Indore'),
(117, '105823023873952721792', 2, 112, 156, 4, 8909358684, 'subhash nagar'),
(118, '105823023873952721792', 2, 340, 355, 4, 8909358684, 'subhash nagar'),
(119, '105823023873952721792', 1, 264, 280, 1, 8909358684, 'subhash nagar'),
(120, '115441202290811960710', 6, 920, 1092, 3, 9639486137, '532 Siklapur Bareilly near Bareilly college main gate'),
(121, '112500160562818650778', 6, 918, 1049, 3, 9557291555, '263 kalibari'),
(122, '115441202290811960710', 7, 1553, 1765, 3, 9639486137, '532 Siklapur Bareilly near Bareilly college main gate');

-- --------------------------------------------------------

--
-- Table structure for table `order_details`
--

CREATE TABLE `order_details` (
  `order_detail_id` int(11) NOT NULL,
  `order_id` int(11) NOT NULL,
  `product_id` int(11) NOT NULL,
  `order_quantity` int(11) NOT NULL
) ENGINE=InnoDB DEFAULT CHARSET=utf8mb4;

--
-- Dumping data for table `order_details`
--

INSERT INTO `order_details` (`order_detail_id`, `order_id`, `product_id`, `order_quantity`) VALUES
(156, 88, 75, 2),
(157, 88, 77, 1),
(158, 88, 84, 1),
(159, 88, 85, 1),
(160, 88, 107, 1),
(161, 88, 124, 1),
(162, 88, 182, 1),
(163, 89, 81, 1),
(164, 89, 83, 1),
(165, 89, 97, 1),
(166, 89, 27, 1),
(167, 89, 277, 1),
(168, 90, 77, 1),
(169, 90, 88, 2),
(170, 90, 143, 2),
(171, 90, 145, 2),
(172, 90, 76, 4),
(173, 90, 75, 2),
(174, 90, 60, 2),
(175, 90, 59, 2),
(176, 90, 182, 2),
(177, 90, 112, 0),
(178, 90, 112, 0),
(179, 90, 115, 1),
(180, 91, 59, 6),
(181, 91, 60, 2),
(182, 91, 62, 2),
(183, 91, 76, 4),
(184, 91, 75, 2),
(185, 91, 80, 2),
(186, 91, 88, 2),
(187, 91, 99, 2),
(188, 91, 100, 1),
(189, 91, 98, 1),
(190, 91, 112, 1),
(191, 91, 115, 1),
(192, 91, 110, 1),
(193, 91, 117, 1),
(194, 91, 95, 1),
(195, 91, 105, 2),
(196, 91, 110, 1),
(197, 91, 116, 1),
(198, 91, 77, 1),
(199, 91, 143, 2),
(200, 91, 141, 1),
(201, 91, 113, 1),
(202, 91, 181, 1),
(203, 91, 184, 1),
(204, 92, 326, 1),
(205, 93, 76, 4),
(206, 93, 77, 1),
(207, 93, 91, 1),
(208, 93, 175, 1),
(209, 93, 176, 1),
(212, 96, 85, 3),
(213, 96, 86, 1),
(214, 96, 249, 2),
(215, 96, 302, 2),
(216, 96, 232, 4),
(217, 96, 325, 4),
(218, 96, 43, 1),
(219, 96, 13, 1),
(220, 97, 142, 1),
(221, 97, 145, 4),
(222, 97, 158, 6),
(223, 97, 95, 1),
(224, 97, 97, 1),
(225, 97, 101, 1),
(226, 97, 104, 1),
(227, 97, 69, 1),
(228, 97, 77, 1),
(229, 97, 81, 1),
(230, 97, 94, 1),
(231, 97, 311, 1),
(232, 97, 336, 1),
(233, 97, 85, 1),
(234, 98, 77, 1),
(235, 98, 85, 1),
(236, 98, 88, 5),
(237, 98, 326, 1),
(238, 99, 119, 1),
(239, 99, 124, 1),
(240, 100, 105, 1),
(241, 100, 108, 1),
(242, 100, 349, 1),
(243, 100, 187, 1),
(244, 100, 322, 1),
(245, 100, 317, 1),
(246, 101, 81, 1),
(247, 101, 186, 1),
(248, 101, 145, 1),
(249, 101, 176, 1),
(250, 101, 181, 1),
(251, 102, 147, 1),
(252, 102, 9, 2),
(253, 102, 20, 1),
(254, 102, 158, 1),
(255, 102, 173, 1),
(256, 102, 176, 1),
(257, 102, 338, 1),
(258, 102, 181, 1),
(259, 102, 268, 1),
(260, 102, 208, 1),
(261, 102, 346, 1),
(262, 102, 350, 1),
(263, 102, 292, 1),
(264, 102, 45, 1),
(265, 102, 175, 1),
(266, 103, 181, 1),
(267, 103, 338, 1),
(268, 103, 176, 1),
(269, 103, 175, 1),
(270, 103, 173, 1),
(271, 103, 147, 1),
(272, 103, 346, 1),
(273, 103, 350, 1),
(274, 103, 45, 1),
(275, 103, 331, 1),
(276, 103, 292, 1),
(277, 103, 256, 1),
(278, 103, 256, 1),
(279, 103, 256, 1),
(280, 103, 256, 1),
(281, 103, 8, 1),
(282, 103, 20, 1),
(283, 103, 158, 1),
(284, 104, 107, 1),
(285, 104, 108, 1),
(286, 104, 117, 1),
(287, 104, 118, 1),
(288, 104, 119, 1),
(289, 104, 124, 1),
(290, 104, 126, 1),
(291, 104, 128, 1),
(292, 104, 130, 1),
(293, 104, 135, 1),
(294, 104, 137, 1),
(295, 104, 75, 1),
(296, 104, 81, 3),
(297, 104, 84, 1),
(298, 104, 85, 1),
(299, 104, 294, 1),
(300, 104, 27, 1),
(301, 104, 329, 1),
(302, 104, 39, 1),
(303, 104, 187, 1),
(304, 104, 243, 1),
(305, 104, 275, 1),
(306, 104, 313, 1),
(307, 104, 56, 1),
(308, 104, 64, 1),
(309, 104, 67, 1),
(310, 104, 74, 1),
(311, 104, 93, 1),
(312, 105, 77, 1),
(313, 105, 128, 2),
(314, 105, 326, 1),
(315, 106, 59, 4),
(316, 106, 85, 1),
(317, 106, 91, 2),
(318, 107, 77, 1),
(319, 107, 244, 1),
(320, 107, 92, 1),
(321, 108, 59, 2),
(322, 108, 86, 1),
(323, 108, 313, 2),
(324, 108, 384, 1),
(325, 108, 76, 1),
(326, 109, 77, 1),
(327, 109, 98, 1),
(328, 109, 112, 1),
(329, 109, 88, 5),
(330, 109, 105, 3),
(331, 110, 67, 1),
(332, 110, 63, 1),
(333, 110, 64, 1),
(334, 110, 59, 2),
(335, 110, 80, 2),
(336, 110, 76, 2),
(337, 110, 85, 1),
(338, 110, 81, 1),
(339, 110, 408, 2),
(340, 110, 232, 2),
(341, 111, 371, 1),
(342, 112, 85, 1),
(343, 112, 61, 2),
(344, 112, 59, 2),
(345, 112, 66, 1),
(346, 112, 68, 1),
(347, 112, 69, 1),
(348, 112, 63, 1),
(349, 112, 64, 1),
(350, 112, 73, 1),
(351, 112, 80, 2),
(352, 112, 95, 1),
(353, 112, 104, 1),
(354, 112, 91, 2),
(355, 112, 81, 1),
(356, 112, 82, 1),
(357, 112, 79, 1),
(358, 112, 113, 1),
(359, 112, 106, 1),
(360, 112, 116, 2),
(361, 112, 137, 1),
(362, 112, 129, 1),
(363, 112, 84, 1),
(364, 112, 92, 1),
(365, 113, 27, 1),
(366, 113, 97, 1),
(367, 114, 77, 2),
(368, 114, 76, 4),
(369, 114, 121, 2),
(370, 114, 75, 2),
(371, 114, 70, 2),
(372, 114, 73, 2),
(373, 114, 249, 1),
(374, 115, 75, 1),
(375, 115, 76, 2),
(376, 115, 81, 1),
(377, 115, 415, 1),
(378, 115, 84, 2),
(379, 115, 155, 3),
(380, 115, 386, 1),
(381, 115, 81, 1),
(382, 116, 325, 3),
(383, 116, 432, 3),
(384, 117, 323, 15),
(385, 117, 320, 9),
(386, 118, 2, 1),
(387, 118, 3, 0),
(388, 119, 7, 2),
(389, 120, 429, 4),
(390, 120, 81, 2),
(391, 120, 82, 2),
(392, 120, 232, 2),
(393, 120, 116, 5),
(394, 120, 112, 1),
(395, 121, 88, 5),
(396, 121, 77, 1),
(397, 121, 75, 2),
(398, 121, 112, 1),
(399, 121, 82, 1),
(400, 121, 148, 1),
(401, 122, 85, 1),
(402, 122, 81, 3),
(403, 122, 82, 5),
(404, 122, 59, 4),
(405, 122, 75, 1),
(406, 122, 76, 2),
(407, 122, 386, 1);

-- --------------------------------------------------------

--
-- Table structure for table `products`
--

CREATE TABLE `products` (
  `product_id` int(11) NOT NULL,
  `name` varchar(100) NOT NULL,
  `featured` int(11) NOT NULL DEFAULT 0,
  `image` varchar(300) NOT NULL DEFAULT '#',
  `category_id` int(11) NOT NULL,
  `subcategory_id` int(11) DEFAULT NULL,
  `mrp` int(11) NOT NULL,
  `cost_price` int(11) NOT NULL DEFAULT 0,
  `selling_price` int(11) NOT NULL,
  `discount` int(11) NOT NULL DEFAULT 0,
  `weight` varchar(10) NOT NULL DEFAULT '0',
  `quantity` varchar(10) NOT NULL DEFAULT '1',
  `unitssold` int(11) NOT NULL DEFAULT 0
) ENGINE=InnoDB DEFAULT CHARSET=utf8mb4;

--
-- Dumping data for table `products`
--

INSERT INTO `products` (`product_id`, `name`, `featured`, `image`, `category_id`, `subcategory_id`, `mrp`, `cost_price`, `selling_price`, `discount`, `weight`, `quantity`, `unitssold`) VALUES
(1, 'Fair And Glow', 0, '1', 1, 1, 88, 72, 82, 7, '100gm', '4', 0),
(2, 'Fair & Lovely ', 0, '2', 1, 1, 90, 75, 85, 6, '75gm', '4', 1),
(3, 'Dove', 0, '3', 1, 1, 265, 0, 255, 4, '100gm', '5', 0),
(4, 'Dove ', 0, '4', 1, 1, 125, 0, 120, 4, '(3x75+50)g', '4', 0),
(5, 'Dove', 0, '5', 1, 1, 100, 0, 95, 5, '50gm', '5', 0),
(6, 'Pears Pure And Gentle ', 0, '6', 1, 1, 240, 0, 225, 6, '125gm', '5', 0),
(7, 'Pears Pure And Gentle ', 0, '7', 1, 1, 140, 0, 132, 6, '100gm', '4', 2),
(8, 'Pears Pure And Gentle ', 0, '8', 1, 1, 92, 0, 90, 2, '60gm', '4', 1),
(9, 'Pears Soft And Fresh ', 0, '9', 1, 1, 88, 0, 85, 3, '50gm', '4', 2),
(10, 'Lux Soft Touch ', 0, '10', 1, 1, 108, 90, 102, 6, '100gm', '5', 0),
(11, 'Lux Velvet Touch', 0, '11', 1, 1, 108, 90, 102, 6, '100gm', '5', 0),
(12, 'Lux Velvet Touch', 0, '12', 1, 1, 40, 0, 38, 5, '59gm', '4', 0),
(13, 'No.1 Lavender Milk Cream', 0, '13', 1, 1, 68, 0, 65, 4, '100gm', '5', 1),
(14, 'No.1 Sandal Turmeric', 0, '14', 1, 1, 68, 0, 65, 4, '100gm', '5', 0),
(15, 'No.1 Lime Aloe Vera ', 0, '15', 1, 1, 68, 0, 65, 4, '100gm', '5', 0),
(16, 'No.1 Lime Aloe Vera ', 0, '16', 1, 1, 40, 0, 37, 8, '67gm', '4', 0),
(17, 'No.1 Sandal Turmeric', 0, '17', 1, 1, 40, 0, 37, 8, '67gm', '4', 0),
(18, 'Medimax Natural Glycerine', 0, '18', 1, 1, 90, 0, 85, 6, '125gm', '2', 0),
(19, 'Medimax Everyday Skin Protection', 0, '19', 1, 1, 97, 0, 92, 5, '125gm', '3', 0),
(20, 'Medimax Everyday Skin Protection', 0, '20', 1, 1, 135, 120, 129, 4, '75gm', '6', 2),
(21, 'Vivel Aloe Vera', 0, '21', 1, 1, 90, 82, 85, 6, '100gm', '5', 0),
(22, 'Dettol Cool ', 0, '22', 1, 1, 120, 0, 114, 5, '125gm', '2', 0),
(23, 'Dettol Cool ', 0, '23', 1, 1, 99, 0, 93, 6, '75gm', '4', 0),
(24, 'Dettol Original ', 0, '24', 1, 1, 120, 0, 114, 5, '75gm', '5', 0),
(25, 'Sevlon', 0, '25', 1, 1, 87, 0, 82, 6, '75gm', '4', 0),
(26, 'Cinthol Lime', 0, '26', 1, 1, 75, 0, 70, 7, '75gm', '4', 0),
(27, 'Cinthol Cool ', 0, '27', 1, 1, 66, 0, 62, 6, '100gm', '2', 2),
(28, 'Bajaj Almond ', 0, '28', 1, 2, 270, 0, 256, 5, '500ml', '1', 0),
(29, 'Bajaj Almond ', 0, '29', 1, 2, 125, 115, 120, 4, '200ml', '1', 0),
(30, 'Bajaj Almond', 0, '30', 1, 2, 65, 0, 62, 5, '100ml', '1', 0),
(31, 'Bajaj Almond ', 0, '31', 1, 2, 35, 0, 33, 6, '50ml', '1', 0),
(32, 'Keo Karpin Hair Oil', 0, '32', 1, 2, 125, 110, 120, 4, '300ml', '1', 0),
(33, 'Keo Karpin Hair Oil', 0, '33', 1, 2, 85, 0, 80, 6, '200ml', '1', 0),
(34, 'Keo Karpin Hair Oil ', 0, '34', 1, 2, 45, 0, 45, 0, '100ml', '1', 0),
(35, 'Dabur Amla Hair Oil ', 0, '35', 1, 2, 134, 0, 130, 3, '275ml', '1', 0),
(36, 'Dabur Amla Hair Oil', 0, '36', 1, 2, 44, 0, 44, 0, '90ml', '1', 0),
(37, 'Dabur Amla Hair Oil', 0, '37', 1, 2, 20, 0, 20, 0, '45ml', '1', 0),
(38, 'Parachute Coconut Oil ', 0, '38', 1, 2, 90, 0, 85, 6, '200ml', '1', 0),
(39, 'Parachute Coconut Oil ', 0, '39', 1, 2, 41, 32, 39, 5, '100ml', '1', 1),
(40, 'Navratan Hair Oil', 0, '40', 1, 2, 78, 71, 75, 4, '100ml', '1', 0),
(41, 'Navratan Hair Oil', 0, '41', 1, 2, 40, 36, 40, 0, '50ml', '1', 0),
(42, 'Colgate', 0, '42', 1, 3, 88, 0, 85, 3, '200gm', '1', 0),
(43, 'Colgate', 0, '43', 1, 3, 50, 42, 47, 6, '105gm', '1', 1),
(44, 'Colgate', 0, '44', 1, 3, 20, 0, 18, 10, '48gm', '1', 0),
(45, 'Colgate Active Salt ', 0, '45', 1, 3, 97, 0, 94, 3, '200gm', '1', 2),
(46, 'Colgate Active Salt', 0, '46', 1, 3, 49, 0, 47, 4, '100gm', '1', 0),
(47, 'Colgate Cibaca ', 0, '47', 1, 3, 55, 0, 54, 2, '175gm', '1', 0),
(48, 'Colgate Cibaca ', 0, '48', 1, 3, 30, 0, 30, 0, '80gm', '1', 0),
(49, 'Colgate Max Fresh Red Gel ', 0, '49', 1, 3, 49, 0, 46, 6, '84gm', '1', 0),
(50, 'Colgate Max Fresh Blue Gel ', 0, '50', 1, 3, 50, 0, 48, 4, '80gm', '1', 0),
(51, 'Dabur Red ', 0, '51', 1, 3, 95, 0, 92, 3, '200gm', '1', 0),
(52, 'Dabur Red ', 0, '52', 1, 3, 55, 0, 52, 5, '175gm', '1', 0),
(53, 'Dabur Red ', 0, '53', 1, 3, 50, 0, 50, 0, '100gm', '1', 0),
(54, 'Dabur Red ', 0, '54', 1, 3, 20, 18, 20, 0, '45gm', '1', 0),
(55, 'Dabur Babool ', 0, '55', 1, 3, 30, 0, 30, 0, '100gm', '1', 0),
(56, 'Vicco Vajradanti', 0, '56', 1, 3, 69, 0, 67, 3, '100gm', '1', 1),
(57, 'Closeup Ever Fresh ', 0, '57', 1, 3, 45, 41, 43, 4, '80gm', '1', 0),
(58, 'Veet Cream', 0, '58', 1, 4, 63, 0, 60, 5, '25gm', '1', 0),
(59, 'Arhar Small (1st) Daal', 0, '59', 2, 5, 70, 53, 58, 17, '500gm', '1', 20),
(60, 'Malka Daal ', 0, '60', 2, 5, 50, 33, 44, 12, '500gm', '1', 2),
(61, 'Masoor Daal ', 0, '61', 2, 5, 58, 45, 52, 10, '500gm', '1', 2),
(62, 'Chana Daal', 0, '62', 2, 5, 50, 33, 43, 14, '500gm', '1', 2),
(63, 'Mung Chilka Daal', 0, '63', 2, 5, 60, 45, 53, 12, '500gm', '1', 2),
(64, 'Mung Dhuli Daal ', 0, '64', 2, 5, 65, 49, 57, 12, '500gm', '1', 3),
(65, 'Mung Sabut', 0, '65', 2, 5, 60, 49, 57, 5, '500gm', '1', 0),
(66, 'Urad Chilka Daal', 0, '66', 2, 5, 60, 46, 55, 8, '500gm', '1', 1),
(67, 'Urad Dhuli Daal ', 0, '67', 2, 5, 60, 49, 57, 5, '500gm', '1', 2),
(68, 'Urad Sabut ', 0, '68', 2, 5, 60, 50, 56, 7, '500gm', '1', 1),
(69, 'Kala Chana', 0, '69', 2, 5, 45, 32, 40, 11, '500gm', '1', 2),
(70, 'Safed Chana Kabuli (Big)', 0, '70', 2, 5, 55, 39, 45, 18, '500gm', '1', 2),
(71, 'Safed Chana Doller', 0, '71', 2, 5, 45, 31, 40, 11, '500gm', '1', 0),
(72, 'Lobia', 0, '72', 2, 5, 45, 0, 45, 0, '500gm', '1', 0),
(73, 'Rajma', 0, '73', 2, 5, 70, 60, 65, 7, '500gm', '1', 3),
(74, 'Safed Matar', 0, '74', 2, 5, 54, 40, 50, 7, '500gm', '1', 1),
(75, 'Maida', 0, '75', 2, 6, 17, 12, 15, 12, '500gm', '1', 11),
(76, 'Suji', 0, '76', 2, 6, 10, 6, 8, 20, '250gm', '1', 19),
(77, 'Gopal Bhog Chakki Atta', 1, '77', 2, 6, 340, 290, 298, 12, '10kg', '1', 11),
(78, 'Gopal Bhog Chakki Atta', 0, '78', 2, 6, 175, 146, 160, 9, '5kg', '1', 0),
(79, 'Rath Vanaspati Oil', 0, '79', 2, 7, 130, 95, 102, 22, '1liter', '1', 1),
(80, 'Besan', 0, '80', 2, 6, 50, 37, 44, 12, '500gm', '1', 6),
(81, 'Fortune Refined Soyabean Oil', 0, '81', 2, 7, 130, 102, 115, 12, '1 liter', ' 1', 15),
(82, 'Bail Kolhu Kachi Ghani Mutard Oil', 0, '82', 2, 7, 160, 122, 145, 9, '1 liter', ' 1', 9),
(83, 'Bail Kolhu Kachi Ghani Mutard Oil Bottel', 0, '83', 2, 7, 150, 0, 140, 7, '1 liter', ' 1', 3),
(84, 'Tata Namak', 0, '84', 2, 45, 20, 0, 19, 5, '1kg', '1', 5),
(85, 'Sugar', 0, '85', 2, 8, 190, 175, 180, 5, '5kg', '1', 11),
(86, 'Sugar', 0, '86', 2, 8, 114, 105, 111, 3, '3kg', '1', 2),
(87, 'Sugar', 0, '87', 2, 8, 38, 35, 38, 0, '1kg', '1', 0),
(88, '1121 Basmati RIce', 0, '88', 2, 8, 85, 56, 75, 12, '1kg', '1', 19),
(89, 'Mughlai Pasand Basmati RIce BIRYANI', 0, '89', 2, 8, 115, 86, 108, 6, '1kg', '1', 0),
(90, 'Mughlai Pasand Basmati RIce BIRYANI', 0, '90', 2, 8, 575, 430, 520, 10, '5kg', '1', 0),
(91, 'Poha ', 0, '91', 6, 18, 35, 30, 35, 0, '500gm', '1', 5),
(92, 'Soyabeen Badi', 0, '92', 2, 9, 20, 0, 20, 0, '200gm', '1', 2),
(93, 'Mangoori', 1, '93', 2, 9, 55, 0, 50, 9, '200gm', '1', 1),
(94, 'Badi Pethe Vali', 0, '94', 2, 9, 70, 0, 70, 0, '200gm', '1', 1),
(95, 'Makhane ', 0, '95', 3, 10, 80, 58, 75, 6, '100gm', '1', 3),
(96, 'Goola', 0, '96', 3, 10, 75, 40, 65, 13, '250gm', '1', 1),
(97, 'Cashew Nuts(Kaaju) ', 0, '97', 3, 10, 400, 175, 200, 50, '250gm', '1', 29),
(98, 'Almonds(Badam) ', 0, '98', 3, 10, 350, 160, 200, 43, '250gm', '1', 2),
(99, 'Chironji', 0, '99', 3, 10, 80, 54, 75, 6, '50gm', '1', 3),
(100, 'Green Kishmish ', 0, '100', 3, 10, 100, 70, 100, 0, '250gm', '1', 1),
(101, 'Akhrot Giri', 0, '101', 3, 10, 431, 230, 250, 42, '250gm', '1', 1),
(102, 'Munakka ', 0, '102', 3, 10, 150, 100, 130, 13, '250gm', '1', 8),
(103, 'Pista ', 0, '103', 3, 10, 250, 0, 250, 0, '250gm', '1', 0),
(104, 'Peanuts(Mungfali) ', 0, '104', 3, 10, 80, 60, 80, 0, '500gm', '1', 2),
(105, 'Haldi', 0, '105', 4, 13, 20, 14, 18, 10, '100gm', '1', 6),
(106, 'Chill Powder', 0, '106', 4, 13, 30, 23, 28, 7, '100gm', '1', 6),
(107, 'Red Chilli Flakes(Kuti Mirch)', 0, '107', 4, 13, 27, 0, 26, 4, '100gm', '1', 2),
(108, 'Red Chilli Sabut', 0, '108', 4, 13, 20, 15, 20, 0, '100gm', '1', 2),
(109, 'Dhania Powder', 0, '109', 4, 13, 30, 14, 25, 17, '100gm', '1', 0),
(110, 'Dhania Sabut', 0, '110', 4, 13, 15, 10, 14, 7, '100gm', '1', 2),
(111, 'Ajwain', 0, '111', 4, 13, 30, 20, 28, 7, '100gm', '1', 3),
(112, 'Kaali Mirch', 0, '112', 4, 13, 70, 44, 65, 7, '100gm', '1', 4),
(113, 'Shiv Om Bandhani Hing ', 0, '113', 4, 13, 150, 93, 130, 13, '100gm', '1', 2),
(114, 'Shiv Om Bandhani Hing ', 0, '114', 4, 13, 33, 0, 30, 9, '20gm', '1', 2),
(115, 'Loong', 0, '115', 4, 13, 50, 30, 45, 10, '50gm', '1', 2),
(116, 'Jeera ', 0, '116', 4, 13, 30, 20, 27, 10, '100gm', '1', 8),
(117, 'Hari Elaichi', 0, '117', 4, 13, 40, 22, 35, 13, '10gm', '1', 5),
(118, 'Black/Red Elaichi', 0, '118', 4, 13, 65, 43, 50, 23, '50gm', '1', 4),
(119, 'Goldiee Kasturi Methi ', 0, '119', 4, 11, 17, 0, 15, 12, '20gm', '1', 2),
(120, 'Methi Dana', 0, '120', 4, 13, 14, 5, 14, 0, '100gm', '1', 0),
(121, 'Raai', 0, '121', 4, 13, 18, 0, 18, 0, '100gm', '1', 2),
(122, 'Soof Sabut', 0, '122', 4, 13, 20, 12, 20, 0, '100gm', '1', 0),
(123, 'Goldiee Kashmiri Chilli', 0, '123', 4, 11, 74, 54, 71, 4, '100gm', '1', 0),
(124, 'Khatai Pisi', 0, '124', 4, 13, 20, 0, 15, 25, '100gm', '1', 3),
(125, 'Soth Pisi (Ginger Powder) ', 0, '125', 4, 13, 46, 34, 40, 13, '100gm', '1', 0),
(126, 'Goldiee Garam Masala ', 0, '126', 4, 11, 26, 20, 24, 8, '50gm', '1', 2),
(127, 'Goldiee Pavbhaji Masala ', 0, '127', 4, 11, 27, 20, 25, 7, '50gm', '1', 0),
(128, 'Goldiee Sambhar Masala ', 0, '128', 4, 11, 23, 16, 21, 9, '50gm', '1', 3),
(129, 'Goldiee Meet Masala ', 0, '129', 4, 11, 26, 24, 24, 8, '50gm', '1', 1),
(130, 'Goldiee Chicken Masala', 0, '130', 4, 11, 29, 24, 27, 7, '50gm', '1', 1),
(131, 'Goldiee Sabji Masala', 0, '131', 4, 11, 27, 20, 25, 7, '50gm', '1', 2),
(132, 'Goldiee Panipuri Masala', 0, '132', 4, 11, 19, 14, 17, 11, '50gm', '1', 0),
(133, 'Goldiee Biryani Masala', 0, '133', 4, 11, 42, 25, 40, 5, '50gm', '1', 0),
(134, 'Goldiee Shahi Paneer Masala ', 0, '134', 4, 11, 35, 26, 33, 6, '50gm', '1', 0),
(135, 'Goldiee Chole Masala', 0, '135', 4, 11, 35, 30, 33, 6, '50gm', '1', 3),
(136, 'Goldiee Rajma Masala', 0, '136', 4, 11, 22, 17, 20, 9, '50gm', '1', 7),
(137, 'Goldiee Chaat Masala ', 0, '137', 4, 11, 25, 19, 23, 8, '50gm', '1', 2),
(138, 'Goldiee Kitchen King Masala', 0, '138', 4, 11, 33, 25, 31, 6, '50gm', '1', 0),
(139, 'Goldiee Rayta Masala ', 0, '139', 4, 11, 24, 18, 22, 8, '50gm', '1', 0),
(140, 'Goldiee Jaljeera Masala ', 0, '140', 4, 11, 22, 16, 20, 9, '50gm', '1', 0),
(141, 'Maggi Masala', 0, '141', 4, 14, 30, 0, 30, 0, '6gm', '6', 1),
(142, 'Cadbury Oreo Dipped Cookies ', 0, '142', 5, 15, 60, 55, 58, 3, '150gm', '1', 4),
(143, 'Parle Monaco ', 0, '143', 5, 15, 30, 27, 30, 0, '200gm', '1', 4),
(144, 'Parle Hide & Seek Chocolate', 0, '144', 5, 15, 30, 0, 30, 0, '120gm', '1', 2),
(145, 'Parle G', 0, '145', 5, 15, 20, 18, 20, 0, '250gm', '1', 7),
(146, 'Parle Krack Jack ', 0, '146', 5, 15, 30, 0, 30, 0, '200gm', '1', 2),
(147, 'Parle Marie', 0, '147', 5, 15, 30, 0, 29, 3, '250gm', '1', 2),
(148, 'Britannia Bourbon ', 0, '148', 5, 15, 20, 0, 20, 0, '120gm', '1', 8),
(149, 'Parle Monaco ', 0, '149', 5, 15, 20, 0, 20, 0, '67gm', '2', 0),
(150, 'Parle Happy Happy Choco Clip', 0, '150', 5, 15, 20, 0, 20, 0, '75gm', '2', 0),
(151, 'Parle G ', 0, '151', 5, 15, 20, 0, 20, 0, '130gm', '2', 0),
(152, 'Priyagold Snacks ', 0, '152', 5, 15, 20, 0, 20, 0, '110gm', '2', 0),
(153, 'Priyagold Cnc', 0, '153', 5, 15, 20, 0, 20, 0, '90gm', '2', 0),
(154, 'Sunfeast Dark Fantasy', 0, '154', 5, 15, 20, 0, 20, 0, '20gm', '2', 0),
(155, 'Britannia Marie Gold', 0, '155', 5, 15, 20, 0, 20, 0, '83gm', '2', 3),
(156, 'Britannia Tiger Crunch ', 0, '156', 5, 15, 20, 0, 20, 0, '75gm', '2', 0),
(157, 'Britannia Good Day  Cashew Cookies ', 0, '157', 5, 15, 20, 0, 20, 0, '60gm', '2', 2),
(158, 'Britannia Good Day Butter Cookies', 0, '158', 5, 15, 20, 18, 20, 0, '75gm', '2', 8),
(159, 'Britannia 50-50', 0, '159', 5, 15, 20, 0, 20, 0, '95gm', '2', 0),
(160, 'Sunfeast Glucose ', 0, '160', 5, 15, 20, 0, 20, 0, '128gm', '2', 0),
(161, 'Sunfeast Moms Magic Rich Butter', 0, '161', 5, 15, 20, 0, 20, 0, '75gm', '2', 0),
(162, 'Sunfeast Moms Magic Cashew & Almond ', 0, '162', 5, 15, 20, 0, 20, 0, '60gm', '2', 0),
(163, 'Anmol Dream Lite', 0, '163', 5, 15, 20, 0, 20, 0, '80gm', '2', 0),
(164, 'Priyaagold Club Cream Chocolate', 0, '164', 5, 15, 20, 0, 20, 0, '86gm', '2', 0),
(165, 'Priyagold Club Cream Elaichi', 0, '165', 5, 15, 20, 0, 20, 0, '86gm', '2', 0),
(166, 'Priyagold Club Cream Orange', 0, '166', 5, 15, 20, 0, 20, 0, '86gm', '2', 0),
(167, 'Sunfeast Bounce Chocolate Cream', 0, '167', 5, 15, 20, 0, 20, 0, '82gm', '2', 0),
(168, 'Sunfeast Bounce Elaichi Cream ', 0, '168', 5, 15, 20, 0, 20, 0, '82gm', '2', 0),
(169, 'Sunfeast Bounce Orange Cream', 0, '169', 5, 15, 20, 0, 20, 0, '82gm', '2', 0),
(170, 'Cadbury Oreo Vanila Cream', 0, '170', 5, 15, 30, 0, 30, 0, '120gm', '1', 0),
(171, 'Cadbury Oreo Chocolate Cream', 0, '171', 5, 15, 30, 0, 30, 0, '120gm', '1', 0),
(172, 'Haldiram Kaju Mixture', 0, '172', 5, 16, 75, 0, 71, 5, '200gm', '1', 0),
(173, 'Haldiram Khatta Meetha ', 0, '173', 5, 16, 42, 0, 40, 5, '200gm', '1', 2),
(174, 'Haldiram Punjabi Tadka', 0, '174', 5, 16, 48, 0, 46, 4, '200gm', '1', 0),
(175, 'Haldiram Aloo Bhujia ', 0, '175', 5, 16, 44, 0, 42, 5, '200gm', '1', 3),
(176, 'Haldiram Plain Bhujia ', 0, '176', 5, 16, 46, 0, 44, 4, '200gm', '1', 4),
(177, 'Haldiram Salted Peanuts', 0, '177', 5, 16, 46, 0, 44, 4, '200gm', '1', 0),
(178, 'Haldiram Navratan ', 0, '178', 5, 16, 42, 0, 40, 5, '200gm', '1', 0),
(179, 'Haldiram Moong Daal', 0, '179', 5, 16, 51, 0, 49, 4, '200gm', '1', 0),
(180, 'Haldiram Nut Cracker', 0, '180', 5, 16, 45, 0, 43, 4, '200gm', '1', 0),
(181, 'Maggi', 0, '181', 6, 18, 68, 62, 68, 0, '420gm', '1', 6),
(182, 'Maggi ', 1, '182', 6, 18, 46, 42, 46, 0, '280gm', '1', 3),
(183, 'Pasta', 0, '183', 6, 18, 30, 0, 28, 7, '500gm', '1', 0),
(184, 'Macroni', 0, '184', 6, 18, 30, 0, 28, 7, '500gm', '1', 1),
(185, 'Maggi Pichkoo Rich Tomato Ketchup', 0, '185', 6, 19, 15, 0, 15, 0, '90gm', '1', 0),
(186, 'Kissan Pichkoo Rich Tomato Ketchup ', 1, '186', 6, 19, 130, 0, 128, 2, '950gm', '1', 1),
(187, 'Kissan Pichkoo Rich Tomato Ketchup ', 0, '187', 6, 19, 50, 45, 49, 2, '450gm', '1', 2),
(188, 'Kissan Pichkoo Rich Tomato Ketchup ', 0, '188', 6, 19, 15, 0, 15, 0, '90gm', '1', 0),
(189, 'Silk Bubbly', 0, '189', 7, 21, 170, 0, 166, 2, '120gm', '1', 0),
(190, 'Silk Oreo ', 0, '190', 7, 21, 170, 0, 166, 2, '130gm', '1', 0),
(191, 'Silk Plain', 1, '191', 7, 21, 160, 143, 156, 3, '150gm', '1', 0),
(192, 'Silk Roast Almond ', 0, '192', 7, 21, 160, 143, 157, 2, '143gm', '1', 0),
(193, 'Silk Fruit & Nut', 0, '193', 7, 21, 160, 143, 157, 2, '137gm', '1', 3),
(194, 'Bornville Raisin & Nuts  Box ', 0, '194', 7, 21, 100, 89, 98, 2, '80gm', '1', 0),
(195, 'Temptation Almond Treat', 0, '195', 7, 21, 90, 80, 88, 2, '72gm', '1', 0),
(196, 'Temptation Rum Raisin ', 0, '196', 7, 21, 90, 80, 88, 2, '72gm', '1', 0),
(197, 'Cadbury Fruit & Nut', 0, '197', 7, 21, 90, 80, 88, 2, '80gm', '1', 0),
(198, 'Silk Bubbly', 0, '198', 7, 21, 80, 71, 78, 3, '50gm', '1', 0),
(199, 'Silk Oreo ', 0, '199', 7, 21, 80, 71, 78, 3, '60gm', '1', 0),
(200, 'Silk Plain', 0, '200', 7, 21, 70, 0, 69, 1, '60gm', '1', 0),
(201, 'Silk Roast Almond', 0, '201', 7, 21, 70, 63, 69, 1, '58gm', '1', 0),
(202, 'Silk Fruit&Nut', 0, '202', 7, 21, 70, 62, 69, 1, '55gm', '1', 0),
(203, 'Silk Whole Hazelnut', 0, '203', 7, 21, 70, 63, 69, 1, '58gm', '1', 0),
(204, 'Cdm Fruit&Nut', 0, '204', 7, 21, 45, 40, 45, 0, '36gm', '1', 0),
(205, 'Cdm Roast Almond', 0, '205', 7, 21, 45, 40, 45, 0, '36gm', '1', 0),
(206, 'Bornville Richcooca ', 0, '206', 7, 21, 45, 40, 45, 0, '31gm', '1', 0),
(207, 'Cadbury Dairy Milk ', 0, '207', 7, 21, 40, 35, 40, 0, '52gm', '1', 0),
(208, 'Coca Cola', 0, '208', 8, 23, 90, 70, 80, 11, '2 liter', '1', 7),
(209, 'Thums Up', 0, '209', 8, 23, 90, 70, 80, 11, '2 liter', '1', 0),
(210, 'Sprite', 0, '210', 8, 23, 90, 70, 80, 11, '2 liter', '1', 0),
(211, 'Fanta', 0, '211', 8, 23, 90, 70, 80, 11, '2 liter', '1', 2),
(212, 'Limca', 0, '212', 8, 23, 90, 70, 80, 11, '2 liter', '1', 0),
(213, 'Coca Cola', 0, '213', 8, 23, 65, 55, 63, 3, '1.25 liter', '1', 0),
(214, 'Thums Up', 0, '214', 8, 23, 65, 55, 63, 3, '1.25 liter', '1', 0),
(215, 'Sprite', 0, '215', 8, 23, 65, 55, 63, 3, '1.25 liter', '1', 0),
(216, 'Fanta', 0, '216', 8, 23, 65, 55, 63, 3, '1.25 liter', '1', 0),
(217, 'Limca', 0, '217', 8, 23, 65, 55, 63, 3, '1.25 liter', '1', 0),
(218, 'Coca Cola', 0, '218', 8, 23, 40, 34, 40, 0, '750ml', '1', 0),
(219, 'Thums Up', 0, '219', 8, 23, 40, 34, 40, 0, '750ml', '1', 0),
(220, 'Sprite', 0, '220', 8, 23, 40, 34, 40, 0, '750ml', '1', 0),
(221, 'Fanta', 0, '221', 8, 23, 40, 34, 40, 0, '750ml', '1', 0),
(222, 'Limca', 0, '222', 8, 23, 40, 34, 40, 0, '750ml', '1', 0),
(223, 'Maaza', 0, '223', 8, 24, 95, 80, 90, 5, '1.75 liter', '1', 0),
(224, 'Maaza', 0, '224', 8, 24, 65, 55, 65, 0, '1.2 liter', '1', 0),
(225, 'Maaza', 0, '225', 8, 24, 35, 29, 35, 0, '600ml', '1', 0),
(226, 'Fruity', 0, '226', 8, 24, 99, 0, 95, 4, '2 liter', '1', 0),
(227, 'Fruity', 0, '227', 8, 24, 65, 0, 65, 0, '1.2 liter', '1', 0),
(228, 'Fruity', 0, '228', 8, 24, 35, 0, 35, 0, '600ml', '1', 0),
(229, 'Tata Tea Premium ', 0, '229', 8, 26, 105, 90, 101, 4, '250gm', '1', 0),
(230, 'Tata Tea Gold ', 0, '230', 8, 26, 150, 140, 145, 3, '250gm', '1', 1),
(231, 'Taj Mahal Tea', 0, '231', 8, 26, 135, 110, 130, 4, '250gm', '1', 0),
(232, 'Taaza Tea', 0, '232', 8, 26, 70, 61, 67, 4, '250gm', '1', 8),
(233, 'Brook Bond Red Lable ', 0, '233', 8, 26, 100, 85, 98, 2, '250gm', '1', 0),
(234, 'Nescafe Classic Coffee', 0, '234', 8, 26, 150, 0, 146, 3, '50gm', '1', 2),
(235, 'Nescafe Classic Coffee ', 0, '235', 8, 26, 75, 0, 72, 4, '25gm', '1', 0),
(236, 'Bru Instant Coffee', 0, '236', 8, 26, 135, 0, 131, 3, '50gm', '1', 0),
(237, 'Bru Instant Coffee ', 0, '237', 8, 26, 56, 0, 54, 4, '25gm', '1', 0),
(238, 'Kinley', 0, '238', 8, 27, 30, 0, 30, 0, '2 liter', '1', 0),
(239, 'Kinley', 0, '239', 8, 27, 20, 0, 20, 0, '1 liter', '1', 0),
(240, 'Bisleri', 0, '240', 8, 27, 30, 0, 30, 0, '2 liter', '1', 0),
(241, 'Bisleri', 0, '241', 8, 27, 20, 0, 20, 0, '1 liter', '1', 0),
(242, 'Bliseri Soda', 0, '242', 8, 27, 15, 0, 15, 0, '600ml', '1', 0),
(243, 'Rin ', 0, '243', 9, 28, 65, 0, 63, 3, '1kg', '1', 4),
(244, 'Surf Excel Easy Wash ', 0, '244', 9, 28, 112, 0, 110, 2, '1kg', '1', 1),
(245, 'Surf Excel Easy Wash', 0, '245', 9, 28, 56, 52, 56, 0, '500gm', '1', 0),
(246, 'Tide Plus Extra Power Red', 0, '246', 9, 28, 102, 0, 100, 2, '1kg', '1', 0),
(247, 'Tide Plus Extra Power Red ', 0, '247', 9, 28, 53, 0, 53, 0, '500gm', '1', 3),
(248, 'Tide Natural Green ', 0, '248', 9, 28, 58, 53, 58, 0, '800gm', '1', 0),
(249, 'Ghadi Powder', 0, '249', 9, 28, 55, 50, 55, 0, '1kg', '1', 3),
(250, 'Tide Natural Green ', 0, '250', 9, 28, 36, 0, 36, 0, '500gm', '1', 3),
(251, 'Rin Soap ', 0, '251', 9, 28, 66, 0, 65, 2, '250gm', '4', 0),
(252, 'Rin Soap ', 0, '252', 9, 28, 50, 0, 50, 0, '185gm', '5', 0),
(253, 'Tide Bar ', 0, '253', 9, 28, 40, 0, 40, 0, '145gm', '4', 0),
(254, 'Surf Excel Bar ', 0, '254', 9, 28, 58, 53, 58, 0, '250gm', '2', 0),
(255, 'Surf Excel Bar', 0, '255', 9, 28, 40, 0, 40, 0, '95gm', '4', 3),
(256, 'Vim Dishwash Bar ', 0, '256', 9, 30, 30, 0, 30, 0, '460gm', '4', 4),
(257, 'Vim Dishwash Active Gel ', 0, '257', 9, 30, 45, 0, 45, 0, '250ml', '1', 0),
(258, 'Vim Dishwash Active Gel Rifil ', 0, '258', 9, 30, 40, 0, 40, 0, '2*155ml', '2', 0),
(259, 'Mortein Coil Black ', 0, '259', 9, 31, 34, 0, 32, 6, '10 COILS', '1', 0),
(260, 'Good Night Low Smoke Coil', 0, '260', 9, 31, 34, 0, 32, 6, '10 COILS', '1', 0),
(261, 'Good Night Maha Jumbo Coil ', 0, '261', 9, 31, 34, 0, 32, 6, '10 COILS', '1', 0),
(262, 'Mortein Refil', 0, '262', 9, 31, 72, 0, 70, 3, '45ml', '1', 0),
(263, 'Good Night Refil ', 0, '263', 9, 31, 65, 59, 65, 0, '45ml', '1', 3),
(264, 'All Out Refil', 0, '264', 9, 31, 72, 0, 70, 3, '45ml', '1', 0),
(265, 'Good Night Combo(Refil+Machin)', 0, '265', 9, 31, 85, 0, 83, 2, '1U + 45ml', '1', 0),
(266, 'All Out Refil Combo Pack (Refils) ', 0, '266', 9, 31, 140, 0, 138, 1, '2 X 45ml', '1', 0),
(267, 'All Out Combo(Refil+Machin)', 0, '267', 9, 31, 89, 0, 87, 2, '1U + 45ml', '1', 0),
(268, 'Hit Black Lime Fregrance For Mosquito', 0, '268', 9, 31, 182, 168, 180, 1, '400ml', '1', 1),
(269, 'Hit Black For Mosquito', 0, '269', 9, 31, 172, 151, 170, 1, '320ml', '1', 3),
(270, 'Harpic Blue ', 0, '270', 9, 31, 86, 78, 84, 2, '500ml', '1', 0),
(271, 'Harpic Blue ', 0, '271', 9, 31, 37, 0, 37, 0, '200ml', '1', 0),
(272, 'Harpic Red', 0, '272', 9, 31, 84, 0, 82, 2, '500ml', '1', 0),
(273, 'Harpic Red', 0, '273', 9, 31, 40, 0, 40, 0, '200ml', '1', 0),
(274, 'Lizol Floor Cleaner', 0, '274', 9, 31, 93, 0, 91, 2, '500ml', '1', 0),
(275, 'Tissue Paper', 0, '275', 9, 32, 25, 0, 25, 0, '100sheet', '1', 1),
(276, 'Aluminium Foil ', 0, '276', 9, 32, 110, 55, 80, 27, '18mtr', '1', 0),
(277, 'Aluminium Foil', 0, '277', 9, 32, 170, 71, 100, 41, '25mtr', '1', 2),
(278, 'Cherry Polish Black', 0, '278', 9, 34, 59, 0, 59, 0, '40gm', '1', 0),
(279, 'Cherry Polish Brown', 0, '279', 9, 34, 33, 0, 33, 0, '15gm', '1', 2),
(280, 'Butter', 0, '280', 10, 36, 240, 230, 236, 2, '500gm', '1', 0),
(281, 'Butter ', 0, '281', 10, 36, 48, 46, 48, 0, '100gm', '1', 2),
(282, 'Dabur Lal Tail  ', 0, '282', 11, 38, 48, 0, 48, 0, '50ml', '1', 0),
(283, 'Johnson\'S Baby Oil ', 0, '283', 11, 38, 95, 0, 93, 2, '100ml', '1', 0),
(284, 'Johnson\'S Baby Oil ', 0, '284', 11, 38, 48, 0, 48, 0, '50ml', '1', 0),
(285, 'Johnson\'S Baby Soap', 0, '285', 11, 38, 90, 0, 88, 2, '75gm', '2', 0),
(286, 'Johnson\'S Baby Soap', 0, '286', 11, 38, 60, 0, 60, 0, '25gm', '4', 0),
(287, 'Mamy Poco Pad L', 0, '287', 11, 39, 12, 10, 12, 0, '1unit', '1', 0),
(288, 'Mamy Poco Pad M', 0, '287', 11, 39, 10, 8, 10, 0, '1unit', '1', 0),
(289, 'Mamy Poco Pad S', 0, '287', 11, 39, 9, 7, 9, 0, '1unit', '1', 0),
(290, 'Dettol Liquid Handwash Rifil', 0, '290', 12, 40, 45, 41, 45, 0, '175ml', '1', 0),
(291, 'Sevelon Liquid Handwash Rifil ', 0, '291', 12, 40, 99, 0, 97, 2, '750ml', '1', 0),
(292, 'Sevelon Liquid Handwash Rifil ', 0, '292', 12, 40, 36, 0, 34, 6, '175ml', '1', 2),
(293, 'Lifeboy Liquid Handwash Combo Pack', 0, '293', 12, 40, 99, 0, 98, 1, '(190+185)m', '1', 0),
(294, 'Lifeboy Liquid Handwash Rifil', 0, '294', 12, 40, 58, 0, 56, 3, '185ml', '1', 1),
(295, 'Sofy Regular', 0, '295', 1, 4, 32, 24, 30, 6, '8 pads', '1', 1),
(296, 'Sofy Extra Large', 0, '296', 1, 4, 39, 31, 37, 5, '6 pads', '1', 0),
(297, 'Pro Ease Go Long', 0, '297', 1, 4, 30, 24, 27, 10, '7 pads', '1', 0),
(298, 'Pro Ease Pad Combo', 0, '298', 1, 4, 35, 29, 32, 9, '6 pads', '1', 12),
(299, 'Whisper Choice Long', 0, '299', 1, 4, 32, 29, 32, 0, '8 pads', '1', 0),
(300, 'Whisper Ultra Choice ', 0, '300', 1, 4, 40, 0, 40, 0, '6 pads', '1', 0),
(302, 'Maggi', 0, '#', 6, 18, 23, 21, 23, 0, '140gm', '1', 4),
(303, 'Gopal Bhog Dalia', 0, '#', 2, 9, 30, 0, 25, 17, '500gm', '1', 0),
(304, 'Bonee Care Feeder', 0, '#', 11, 38, 48, 0, 35, 27, '250ml', '1', 0),
(305, 'Bonee Polycare Feeder', 0, '#', 11, 38, 50, 0, 40, 20, '250ml', '1', 0),
(306, 'Bonne Silicone Nipple', 0, '#', 11, 38, 15, 0, 10, 33, '1 unit', '1', 0),
(307, 'Cadbury Gemes', 0, '#', 7, 21, 45, 41, 43, 4, '18gm', '1', 0),
(308, 'Kinder Joy boys', 1, '#', 7, 21, 45, 43, 45, 0, '20gm', '1', 0),
(309, 'Ujala', 0, '#', 9, 28, 22, 0, 20, 9, '75ml', '1', 0),
(310, 'Khyati Royal Premium Elaichi Rusk', 0, '#', 10, 15, 60, 0, 55, 8, '500gm', '1', 0),
(311, 'Khyati Premium Elaichi Rusk', 0, '#', 10, 15, 60, 0, 50, 17, '500gm', '1', 1),
(312, 'Mamy Poco Pants XL', 0, '#', 11, 39, 16, 0, 15, 6, '1unit', '1', 0),
(313, 'Germokill White Phenyl', 0, '#', 9, 31, 38, 22, 28, 26, '1 liter', '1', 3),
(314, 'Nycil Germ Expert', 0, '#', 1, 1, 110, 0, 105, 5, '150gm', '1', 0),
(315, 'Vanish Experty', 0, '#', 9, 28, 52, 0, 50, 4, '120gm', '1', 0),
(316, 'Ezee ', 0, '#', 9, 28, 90, 0, 87, 3, '500gm', '1', 0),
(317, 'Garnier (Natural Black)', 0, '#', 1, 2, 69, 0, 65, 6, '39ml+30gm', '1', 1),
(318, 'Vasmol Kesh Kala', 0, '#', 1, 2, 34, 0, 32, 6, '50ml', '1', 0),
(319, 'Mogra Dhoop', 0, '#', 9, 33, 15, 0, 10, 33, '10 stick', '1', 0),
(320, 'Goldiee Hawan Samagri', 0, '#', 9, 33, 36, 0, 24, 33, '100gm', '2', 9),
(321, 'Goldiee Hawan Samagri', 0, '#', 9, 33, 32, 0, 28, 13, '200gm', '1', 0),
(322, 'Dr. Phenyl', 0, '#', 9, 31, 50, 0, 45, 10, '1 liter', '1', 1),
(323, 'Puja Path Hawan Samagri', 0, '#', 9, 33, 30, 0, 22, 27, '200gm', '1', 15),
(324, 'Dermi Cool Powder + Dettol Cool Soap', 0, '#', 1, 1, 112, 0, 108, 4, '150gm', '1', 0),
(325, 'Mangaldeep Pushpanjali Dhoop', 0, '#', 9, 33, 15, 0, 10, 33, '10 sticks', '1', 7),
(326, 'Nestle Every Day Shahi Ghee', 1, '#', 2, 7, 500, 380, 450, 10, '1 liter', '1', 3),
(327, 'Garnier Deep Black (1.0)', 0, '#', 1, 2, 37, 0, 35, 5, '20ml+20gm', '1', 0),
(328, 'Garnier Burgandy (3.16)', 0, '#', 1, 2, 37, 0, 35, 5, '20ml+20gm', '1', 0),
(329, 'Garnier Natural Brown (4.0)', 0, '#', 1, 2, 37, 0, 35, 5, '20ml+20gm', '1', 1),
(330, 'Garnier Original Black (2.0)', 0, '#', 1, 2, 37, 0, 35, 5, '20ml+20gm', '1', 0),
(331, 'Hit Black For Mosquitoes', 0, '#', 9, 31, 269, 245, 260, 3, '625ml', '1', 1),
(332, 'Godrej Expert Natural Black (1.00)', 0, '#', 1, 2, 30, 0, 28, 7, '20ml+20gm', '1', 0),
(333, 'Godrej Expert Burgundy (4.16)', 0, '#', 1, 2, 30, 0, 28, 7, '20ml+20gm', '1', 0),
(334, 'Godrej Expert Natural Brown (4.00)', 0, '#', 1, 2, 30, 0, 28, 7, '20ml+20gm', '1', 0),
(335, 'Godrej Expert Black Brown (3.00)', 0, '#', 1, 2, 30, 0, 28, 7, '20ml+20gm', '1', 0),
(336, 'Jabe Roasted', 0, '#', 6, 18, 45, 40, 42, 7, '500gm', '1', 1),
(337, 'Parle Wafers Tangy Tomato', 0, '#', 5, 17, 30, 27, 29, 3, '70gm', '1', 0),
(338, 'Parle Wafers Aloo Chatt', 0, '#', 5, 17, 30, 27, 29, 3, '70gm', '1', 2),
(339, 'Parle Monaco Pizza', 0, '#', 5, 15, 60, 55, 58, 3, '300gm', '1', 0),
(340, 'Parle Hide & Seek Creme Sandwiches', 0, '#', 5, 15, 30, 27, 29, 3, '120gm', '1', 0),
(341, 'Nilon\'s Soya Chunks ', 0, '#', 2, 9, 55, 0, 53, 4, '200gm', '1', 0),
(342, 'Mother Dairy Cream', 0, '#', 10, 36, 55, 0, 53, 4, '200ml', '1', 0),
(343, 'Nilon\'s Soya Mini Chunks ', 0, '#', 2, 9, 55, 0, 53, 4, '200gm', '1', 0),
(344, 'Parle Chatkeens Bhujia Sev', 0, '#', 5, 16, 220, 0, 212, 4, '1kg', '1', 0),
(345, 'Parle Chatkeens Aloo Bhujia', 0, '#', 5, 16, 88, 0, 85, 3, '400gm', '1', 0),
(346, 'Amla Murabba', 0, '#', 13, 42, 165, 160, 163, 1, '1kg', '1', 2),
(347, 'Badam Pak', 0, '#', 13, 42, 130, 126, 128, 2, '250gm', '1', 0),
(348, 'Anik Ghee', 0, '#', 2, 7, 535, 480, 520, 3, '1 liter', '1', 0),
(349, 'Anik Ghee', 0, '#', 2, 7, 265, 240, 255, 4, '500ml', '1', 1),
(350, 'Dant Kanti Manjan', 0, '#', 13, 42, 65, 49, 63, 3, '100gm', '1', 2),
(351, 'Himalaya purifying Face Wash', 0, '#', 1, 1, 190, 180, 185, 3, '200ml', '1', 0),
(352, 'Himalaya Gentle Baby Shampoo', 0, '#', 11, 38, 155, 145, 150, 3, '200ml', '1', 0),
(353, 'Garnier Natural Black(1.0)', 0, '#', 1, 2, 180, 0, 176, 2, '70ml+60gm', '1', 0),
(354, 'Roop Mantra Cream', 0, '#', 1, 1, 93, 0, 91, 2, '30gm', '1', 0),
(355, 'Clean & Clear Foaming Face Wash', 0, '#', 1, 1, 130, 0, 126, 3, '100ml', '1', 0),
(356, 'Garnier Light Complete Fairness Serum Cream ', 0, '#', 1, 1, 69, 0, 67, 3, '23gm', '1', 0),
(357, 'Dove Intense Repair Conditioner', 0, '#', 1, 2, 190, 0, 186, 2, '175ml', '1', 0),
(358, 'Pond\'s Pure  White Anti Pollution Face Wash', 0, '#', 1, 1, 180, 0, 176, 2, '100gm', '1', 0),
(359, 'Garnier Light Complete Fairness Face Wash', 0, '#', 1, 1, 135, 0, 132, 2, '100gm', '1', 0),
(360, 'Garnier Men Acno Fight Face Wash', 0, '#', 1, 1, 90, 0, 88, 2, '60gm', '1', 0),
(361, 'Garnier Men Power White Face Wash', 0, '#', 1, 1, 99, 0, 96, 3, '50gm', '1', 0),
(362, 'V Wash Expert Intimate Hygiene', 0, '#', 1, 4, 180, 0, 176, 2, '100ml', '1', 0),
(363, 'Godrej Aer Spray Petal Crush Pink', 0, '#', 9, 31, 149, 0, 146, 2, '270ml', '1', 0),
(364, 'Johnson\'s Baby Shampoo', 0, '#', 11, 38, 90, 0, 86, 4, '100ml', '1', 0),
(365, 'Himalaya Baby Powder', 0, '#', 11, 38, 35, 0, 33, 6, '50gm', '1', 0),
(366, 'Johnson\'s Baby Cream', 0, '#', 11, 38, 145, 0, 142, 2, '100gm', '1', 0),
(367, 'Johnson\'s Baby Lotion', 0, '#', 11, 38, 45, 0, 43, 4, '50ml', '1', 0),
(368, 'Johnson\'s Baby Oil', 0, '#', 11, 38, 105, 0, 102, 3, '100ml', '1', 0),
(369, 'Park Avenue Good Morning', 0, '#', 1, 43, 199, 0, 180, 10, '150ml', '1', 0),
(370, 'Kama Sutra Spark Perfume Spray', 0, '#', 1, 43, 199, 0, 180, 10, '135ml', '1', 0),
(371, 'Fogg Master Royal Intense', 1, '#', 1, 43, 225, 0, 200, 11, '120ml', '1', 1),
(372, 'Fogg Energy Body Spray', 0, '#', 1, 43, 199, 0, 175, 12, '120ml', '1', 0),
(373, 'Fogg Napoleon Body Spray', 0, '#', 1, 43, 185, 145, 165, 11, '120ml', '1', 0),
(374, 'Fogg Majestic Body Spray', 0, '#', 1, 43, 185, 145, 165, 11, '120ml', '1', 0),
(375, 'Fogg Victor Body Spray', 0, '#', 1, 43, 185, 145, 165, 11, '120ml', '1', 0),
(376, 'Fogg Marco Body Spray', 0, '#', 1, 43, 185, 145, 165, 11, '120ml', '1', 0),
(377, 'Fogg Paradise Body Spray For Women', 0, '#', 1, 43, 185, 145, 165, 11, '120ml', '1', 0),
(378, 'Axe Signaturedenim Aftershave Lotion', 0, '#', 1, 44, 215, 0, 200, 7, '100ml', '1', 0),
(379, 'Gillette Foam Regular', 0, '#', 1, 44, 199, 0, 190, 5, '418gm', '1', 0),
(380, 'Gillette Foam Sensitive', 0, '#', 1, 44, 199, 0, 190, 5, '418gm', '1', 0),
(381, 'Dr.Orrker Veg Mayonnaise', 0, '#', 10, 37, 35, 31, 34, 3, '100gm', '1', 0),
(382, 'Cadburi Choclairs Gold', 0, '#', 7, 22, 200, 180, 190, 5, '5.5gm', '115 Pcs', 0),
(383, 'Cadburi Choclairs Gold', 0, '#', 7, 22, 50, 45, 48, 4, '6.2gm', '25 Pcs', 0),
(384, 'Bikaneri Premium Milk Rusk', 1, '#', 10, 35, 65, 40, 58, 11, '400gm', '1', 1),
(385, 'Bikaneri Premium Milk Rusk', 0, '#', 10, 35, 31, 0, 29, 6, '200gm', '1', 0),
(386, 'Madhurima Elaichi Rusk', 0, '#', 10, 35, 68, 0, 65, 4, '500gm', '1', 2),
(387, 'Saraswati Kapoor', 0, '#', 9, 33, 100, 0, 92, 8, '50gm', '1', 0),
(388, 'Daal Cheeni', 0, '#', 4, 13, 48, 0, 45, 6, '100gm', '1', 0),
(389, 'Javitri', 0, '#', 4, 13, 33, 0, 30, 9, '10gm', '1', 0),
(390, 'Khatai Sabut', 0, '#', 4, 13, 20, 0, 18, 10, '100gm', '1', 0),
(391, 'Pili Sarso', 0, '#', 4, 13, 18, 0, 15, 17, '100gm', '1', 0),
(392, 'Khana Soda', 0, '#', 4, 13, 10, 0, 8, 20, '100gm', '1', 0),
(393, 'Goond', 0, '#', 2, 9, 33, 0, 30, 9, '100gm', '1', 0),
(394, 'Britannia Toastea Premium Bake Rusk', 0, '#', 10, 35, 40, 0, 38, 5, '273gm', ' 1', 0),
(395, 'Dolly Central Filled Eclairs', 0, '#', 7, 22, 50, 0, 48, 4, '100pcs', '1', 0),
(396, 'Dolly Central Filled Eclairs', 0, '#', 7, 22, 50, 0, 48, 4, '100pcs', '1', 0),
(397, 'Dr. Phenyl (Black)', 0, '#', 9, 31, 48, 33, 45, 6, '450ml', '1', 0),
(398, 'Suger Cane ( गुड़ )', 1, '#', 2, 8, 30, 20, 27, 10, '500gm', '1', 0),
(399, 'Nilon\'s  Vinegar', 0, '#', 6, 19, 45, 2, 43, 4, '180ml', '1', 0),
(400, 'Nilon\'s  Green Chilli Sauces', 0, '#', 6, 19, 50, 0, 48, 4, '180ml', '1', 0),
(401, 'Nilon\'s Red Chilli Sauce', 0, '#', 6, 19, 50, 0, 48, 4, '180ml', '1 unit', 0),
(402, 'Nilon\'s Soya Sauces', 0, '#', 6, 19, 50, 0, 48, 4, '180ml', '1', 0),
(403, 'Britannia Sandwich White Bread', 0, '#', 10, 35, 30, 26, 29, 3, '400gm', '1 unit', 0),
(404, 'Britannia Sandwich White Bread', 0, '#', 10, 35, 20, 18, 20, 0, '300gm', '1 unit', 0),
(405, 'Britannia Sandwich White Bread', 0, '#', 10, 35, 10, 9, 10, 0, '160gm', '1', 0),
(406, 'Britannia Brown Bread', 0, '#', 10, 35, 35, 30, 34, 3, '350gm', '1', 0),
(407, 'Dr . Phenyl', 0, '#', 9, 31, 180, 0, 175, 3, '5 liter', '1', 0),
(408, 'Nandini Kala Namak', 0, '#', 2, 45, 20, 0, 15, 25, '200gm', '1', 2),
(409, 'Nandini Sendha Namak', 0, '#', 2, 45, 15, 0, 12, 20, '200gm', '1', 0),
(410, 'Pooja Path Stick Dhoop', 0, '#', 9, 33, 15, 0, 10, 33, '10 sticks', '1', 0),
(411, 'Nandini Sendha Namak', 0, '#', 2, 45, 75, 31, 60, 20, '1kg', '1', 0),
(412, 'Tata i-Shakti Salt', 0, '#', 2, 45, 12, 8, 10, 17, '1kg', '1', 0),
(413, 'Arhar Big(Desi) Daal', 0, '#', 2, 5, 55, 41, 51, 7, '500gm', '1', 0),
(414, 'Sugar Batasha', 0, '#', 2, 8, 18, 13, 16, 11, '250gm', '1', 0),
(415, 'Gola Burada(Coconut Powder)', 1, '#', 2, 9, 30, 20, 25, 17, '100gm', '1', 1),
(416, 'Supari ( सुपारी )', 0, '#', 9, 33, 22, 0, 18, 18, '11 unit', '1 ', 0),
(417, 'Kissan Fresh Tomato Ketchup', 0, '#', 6, 19, 140, 120, 135, 4, '1kg', '1', 0),
(418, 'Dant Kanti Natural', 0, '#', 13, 42, 45, 42, 44, 2, '100gm', '1', 0),
(419, 'Dant Kanti Natural', 0, '#', 13, 42, 75, 70, 73, 3, '200gm', '1', 0),
(420, 'Maggi Special Masala', 0, '#', 6, 18, 15, 0, 15, 0, '70gm', '1', 0),
(421, 'Maggi Desi Cheesy', 0, '#', 6, 18, 15, 0, 15, 0, '70gm', '1', 0),
(422, 'Maggi Chatpata Tomato', 0, '#', 6, 18, 15, 0, 15, 0, '70gm', '1', 0),
(423, 'Cadburi Celebrations', 0, '#', 7, 21, 50, 46, 49, 2, '64.2gm', '1', 0),
(424, 'Cadburi Celebrations', 0, '#', 7, 21, 100, 91, 98, 2, '120gm', '1', 0),
(425, 'Cadburi Celebrations', 0, '#', 7, 21, 150, 135, 147, 2, '175gm', '1', 0),
(426, 'Cadburi Celebrations', 0, '#', 7, 21, 275, 246, 270, 2, '210gm', '1', 0),
(427, 'Cadburi Celebrations', 0, '#', 7, 21, 300, 268, 295, 2, '250gm', '1', 0),
(428, 'Cadburi Celebrations', 1, '#', 7, 21, 500, 447, 490, 2, '177gm', '1', 0),
(429, 'Kuttu Atta ( कुट्टू का आटा )', 0, '#', 2, 6, 38, 22, 30, 21, '250gm', '1', 4),
(430, 'Sabudana ( साबुदाना )', 0, '#', 2, 9, 50, 33, 42, 16, '500gm', '1', 0),
(431, 'Sama Rice ( समा चावल )', 0, '#', 2, 9, 40, 25, 33, 18, '250gm', '1', 0),
(432, 'Jaiphal ( जायफल )', 0, '#', 9, 33, 21, 5, 15, 29, '5 unit ', '1 ', 3),
(433, 'Goldiee Kalava ( कलावा )', 0, '#', 9, 33, 5, 4, 5, 0, '1 unit ', '1 ', 0),
(434, 'Suti Kalava ( सूती कलावा )', 0, '#', 9, 33, 12, 8, 10, 17, '2 unit ', '1 ', 0),
(435, 'Goldiee Roli ( रोली )', 0, '#', 9, 33, 6, 4, 5, 17, '1 unit ', '1 ', 0),
(436, 'Saraswati Kapoor ( कपूर )', 0, '#', 9, 33, 40, 23, 30, 25, '4 gm ', '5 ', 0),
(437, 'Fortune Rice Bran Health Oil', 1, '#', 2, 7, 150, 123, 145, 3, '1 liter', '1', 0),
(438, 'Fortune Sunlite Sunflower Oil', 0, '#', 2, 7, 150, 134, 140, 7, '1 liter', '1', 0),
(439, 'Hari Elaichi', 0, '#', 4, 13, 50, 28, 42, 16, '10gm', '1', 0),
(440, 'Mishri ( मिश्री) ', 0, '#', 2, 8, 23, 12, 20, 13, '250gm', '1', 0),
(441, 'Parle Premium Rusk', 0, '#', 10, 35, 60, 54, 58, 3, '1', '400gm', 0);

-- --------------------------------------------------------

--
-- Table structure for table `sub_category`
--

CREATE TABLE `sub_category` (
  `subcategory_id` int(11) NOT NULL,
  `subcategory_name` text NOT NULL,
  `category_id` int(11) NOT NULL
) ENGINE=InnoDB DEFAULT CHARSET=utf8mb4;

--
-- Dumping data for table `sub_category`
--

INSERT INTO `sub_category` (`subcategory_id`, `subcategory_name`, `category_id`) VALUES
(1, 'Skin Care', 1),
(2, 'Hair Care', 1),
(3, 'Oral Care', 1),
(4, 'Feminine Hygiene', 1),
(5, 'Daal', 2),
(6, 'Atta & All Flours', 2),
(7, 'Oils', 2),
(8, 'Sugar & Rice', 2),
(9, 'Others', 2),
(10, 'Dry Fruits & Nuts', 3),
(11, 'Goldiee', 4),
(12, 'Everest', 4),
(13, 'Own Items', 4),
(14, 'Others', 4),
(15, 'Biscuits &  Cookies', 5),
(16, 'Namkeen', 5),
(17, 'Chips & Crips', 5),
(18, 'Nuddles', 6),
(19, 'Sauces', 6),
(20, 'Instant Food', 6),
(21, 'Chocolates', 7),
(22, 'Candy', 7),
(23, 'Cold Drinks', 8),
(24, 'Fruit Juices', 8),
(25, 'Health &Energy Drinks', 8),
(26, 'Tea & Coffe', 8),
(27, 'Water & Soda', 8),
(28, 'Laundry Detergent', 9),
(29, 'Cleaners', 9),
(30, 'Dishwashers', 9),
(31, 'Insects Repellent', 9),
(32, 'Tissue & Alluminium Foile', 9),
(33, 'Puja Needs', 9),
(34, 'Shoe Cares', 9),
(35, 'Breads', 10),
(36, 'Butter & Cheese', 10),
(37, 'Jame , Honey, Spreads', 10),
(38, 'Baby Skin & Hair Care', 11),
(39, 'Diapers & Wipes', 11),
(40, 'Covid Essential', 12),
(42, 'Health Care', 13),
(43, 'Fragrances', 1),
(44, 'Men\'s Grooming', 1),
(45, 'Salts', 2);

-- --------------------------------------------------------

--
-- Table structure for table `users`
--

CREATE TABLE `users` (
  `user_id` int(11) NOT NULL,
  `first_name` varchar(45) NOT NULL,
  `last_name` varchar(45) NOT NULL,
  `email` varchar(45) NOT NULL,
  `mobile` bigint(20) DEFAULT NULL,
  `password` varchar(100) DEFAULT NULL
) ENGINE=InnoDB DEFAULT CHARSET=utf8mb4;

--
-- Dumping data for table `users`
--

INSERT INTO `users` (`user_id`, `first_name`, `last_name`, `email`, `mobile`, `password`) VALUES
(1, 'Mehul', 'Saxena', 'mehulsaxena146@gmail.com', NULL, '$2a$10$5ccQjnRzBvWaN1Q/cgtvsOgm4dqzLfb2p5Z3Mf/WY1hwXKrxfcu8e'),
(2, 'Manali', 'Saxena', 'lolo@mail.com', NULL, '$2a$10$2g82FME/rv9zsMf.r8AzWO8M5NGC1iR.5SzWEZONTA/025fWT8GH6'),
(12, 'Test', 'Saxena', 'test@mail.com', NULL, '$2a$10$15Zv5DllC7MaWRebpuQZ2uW4C28lto2M2Zb1EMfAfIY8juXDcEGu.'),
(13, 'Manali', 'Chourasia', 'manali@mail.com', NULL, '$2a$10$yT2SXzAxuzPzesZqOqj4HuIacGb8WyX6107FkDUJkiU4VtRFiPViS'),
(14, 'Manali', 'Chourasia', 'chourasiamanali96@gmail.com', NULL, '$2a$10$wctFtFc1lYtePw1gPwdGXuAfS/fWXXVPgd9OjyyQS2m9NrQNgVArq'),
(15, 'Niya', 'Sharma', 'niya@gmail.com', NULL, '$2a$10$vIur6JOcW11QP6q/8xDCVeiF1am6JyX5BJIFBHyuOI67664l/vd1S'),
(16, 'Sam', 'Bahadur', 'sam@gmail.com', NULL, '$2a$10$KiyAzr2JVYDssZtJQk/4CuFXOF351GzCTkqcceGC1qE4YfjfaTDwu'),
(17, 'Thanos', 'Thanos', 'thanos@gmail.com', NULL, '$2a$10$YAdC0xt9hWC2jUzJUq0Ra.2qeXeWPjNJByby0O1qErTrLTYw0bZyS'),
(18, 'Manali', 'Chourasia', 'chourasiamanali961@gmail.com', NULL, '$2a$10$N.yqEP4FX7g3d8UKDeE/huWqiXv3HhOagKeOQrW2D76fQcsQuWC1G'),
(21, 'Manali', 'Chourasia', 'chourasiamanali9611@gmail.com', NULL, '$2a$10$svwLBPXDqt.dFQodHl66uO.QQRZwc5YamUAdv9AoBia6BPltaK2xS'),
(22, 'Manali', 'Chourasia', 'chourasiamanali196@gmail.com', NULL, '$2a$10$AMG6qEtMNFpBOOVJe7g7j.RckTNQEQ0kbQ4bhdnuNqwBJhppbdfHC'),
(23, 'Manali', 'Chourasia', 'chourasiamanali296@gmail.com', NULL, '$2a$10$poLcaIgC4Eu8nwLu.cIJS.5BWqmwvJZ6K8hD8uDPOJ6x0dlgaw6xq'),
(24, 'Manali', 'Chourasia', 'chourasiamanali9226@gmail.com', NULL, '$2a$10$bLzh2e5Q/fXYtW.d0Q1.e.YGmbZjDmwUg8UkyAEvsoY0qAKoKTh2G'),
(25, 'Manali', 'Chourasia', 'chourasiamanali126@gmail.com', NULL, '$2a$10$uJRpyUxwADxr5s0RVlTqZ.H2jbj2Y7G8u1a5UipbpRhf2zUI2CC.G'),
(26, 'Manali', 'Chourasia', 'chourasiamanali55@gmail.com', NULL, '$2a$10$0LcQaHdTV9M12X76ETtoOezhGnxEcN240XGQhpf1eAVh5tLzABtFS');

--
-- Indexes for dumped tables
--

--
-- Indexes for table `bestoffers_products`
--
ALTER TABLE `bestoffers_products`
  ADD PRIMARY KEY (`id`);

--
-- Indexes for table `bestseller_products`
--
ALTER TABLE `bestseller_products`
  ADD PRIMARY KEY (`id`);

--
-- Indexes for table `cart`
--
ALTER TABLE `cart`
  ADD PRIMARY KEY (`cart_id`);

--
-- Indexes for table `category`
--
ALTER TABLE `category`
  ADD PRIMARY KEY (`category_id`);

--
-- Indexes for table `custom_products`
--
ALTER TABLE `custom_products`
  ADD PRIMARY KEY (`id`);

--
-- Indexes for table `featured_products`
--
ALTER TABLE `featured_products`
  ADD PRIMARY KEY (`id`);

--
-- Indexes for table `orders`
--
ALTER TABLE `orders`
  ADD PRIMARY KEY (`order_id`);

--
-- Indexes for table `order_details`
--
ALTER TABLE `order_details`
  ADD PRIMARY KEY (`order_detail_id`);

--
-- Indexes for table `products`
--
ALTER TABLE `products`
  ADD PRIMARY KEY (`product_id`);

--
-- Indexes for table `sub_category`
--
ALTER TABLE `sub_category`
  ADD PRIMARY KEY (`subcategory_id`);

--
-- Indexes for table `users`
--
ALTER TABLE `users`
  ADD PRIMARY KEY (`user_id`),
  ADD UNIQUE KEY `user_id_UNIQUE` (`user_id`),
  ADD UNIQUE KEY `email_UNIQUE` (`email`);

--
-- AUTO_INCREMENT for dumped tables
--

--
-- AUTO_INCREMENT for table `bestoffers_products`
--
ALTER TABLE `bestoffers_products`
  MODIFY `id` int(11) NOT NULL AUTO_INCREMENT, AUTO_INCREMENT=11;

--
-- AUTO_INCREMENT for table `bestseller_products`
--
ALTER TABLE `bestseller_products`
  MODIFY `id` int(11) NOT NULL AUTO_INCREMENT, AUTO_INCREMENT=8;

--
-- AUTO_INCREMENT for table `cart`
--
ALTER TABLE `cart`
  MODIFY `cart_id` bigint(20) NOT NULL AUTO_INCREMENT, AUTO_INCREMENT=737;

--
-- AUTO_INCREMENT for table `category`
--
ALTER TABLE `category`
  MODIFY `category_id` int(11) NOT NULL AUTO_INCREMENT, AUTO_INCREMENT=17;

--
-- AUTO_INCREMENT for table `custom_products`
--
ALTER TABLE `custom_products`
  MODIFY `id` int(11) NOT NULL AUTO_INCREMENT, AUTO_INCREMENT=4;

--
-- AUTO_INCREMENT for table `featured_products`
--
ALTER TABLE `featured_products`
  MODIFY `id` int(11) NOT NULL AUTO_INCREMENT, AUTO_INCREMENT=13;

--
-- AUTO_INCREMENT for table `orders`
--
ALTER TABLE `orders`
  MODIFY `order_id` int(11) NOT NULL AUTO_INCREMENT, AUTO_INCREMENT=123;

--
-- AUTO_INCREMENT for table `order_details`
--
ALTER TABLE `order_details`
  MODIFY `order_detail_id` int(11) NOT NULL AUTO_INCREMENT, AUTO_INCREMENT=408;

--
-- AUTO_INCREMENT for table `products`
--
ALTER TABLE `products`
  MODIFY `product_id` int(11) NOT NULL AUTO_INCREMENT, AUTO_INCREMENT=442;

--
-- AUTO_INCREMENT for table `sub_category`
--
ALTER TABLE `sub_category`
  MODIFY `subcategory_id` int(11) NOT NULL AUTO_INCREMENT, AUTO_INCREMENT=46;

--
-- AUTO_INCREMENT for table `users`
--
ALTER TABLE `users`
  MODIFY `user_id` int(11) NOT NULL AUTO_INCREMENT, AUTO_INCREMENT=27;
COMMIT;

/*!40101 SET CHARACTER_SET_CLIENT=@OLD_CHARACTER_SET_CLIENT */;
/*!40101 SET CHARACTER_SET_RESULTS=@OLD_CHARACTER_SET_RESULTS */;
/*!40101 SET COLLATION_CONNECTION=@OLD_COLLATION_CONNECTION */;
